player_id,full_name,position,team,status,status_description_abbr,available
00-0023459,Aaron Rodgers,QB,PIT,ACT,A01,True
00-0026158,Joe Flacco,QB,CIN,ACT,A01,True
00-0026300,Josh Johnson,QB,CIN,ACT,A01,True
00-0026498,Matthew Stafford,QB,LA,ACT,A01,True
00-0027973,Andy Dalton,QB,PHI,ACT,A01,True
00-0028118,Tyrod Taylor,QB,GB,ACT,A01,True
00-0028986,Case Keenum,QB,CHI,ACT,A01,True
00-0029604,Kirk Cousins,QB,LV,ACT,A01,True
00-0029892,Kyle Juszczyk,RB,SF,ACT,A01,True
00-0030035,Adam Thielen,WR,MIN,RET,R02,False
00-0030506,Travis Kelce,TE,KC,ACT,A01,True
00-0030565,Geno Smith,QB,NYJ,ACT,A01,True
00-0031235,Odell Beckham Jr.,WR,NYG,ACT,A01,True
00-0031237,Teddy Bridgewater,QB,DET,ACT,A01,True
00-0031381,Davante Adams,WR,LA,ACT,A01,True
00-0031408,Mike Evans,WR,SF,ACT,A01,True
00-0031484,Chris Manhertz,TE,NYG,ACT,A01,True
00-0031503,Jameis Winston,QB,NYG,ACT,A01,True
00-0031595,Michael Burton,RB,CLE,ACT,A01,True
00-0032104,Ameer Abdullah,RB,JAX,ACT,A01,True
00-0032156,Trevor Siemian,QB,ATL,ACT,A01,True
00-0032208,Phillip Dorsett,WR,LV,ACT,A01,True
00-0032268,Marcus Mariota,QB,WAS,ACT,A01,True
00-0032392,Austin Hooper,TE,ATL,ACT,A01,True
00-0032434,Brandon Allen,QB,NYG,ACT,A01,True
00-0032464,Kalif Raymond,WR,CHI,ACT,A01,True
00-0032764,Derrick Henry,RB,BAL,ACT,A01,True
00-0032775,Demarcus Robinson,WR,SF,ACT,A01,True
00-0032918,C.J. Ham,RB,MIN,RET,R02,False
00-0032950,Carson Wentz,QB,MIN,ACT,A01,True
00-0032951,Laquon Treadwell,WR,IND,ACT,A01,True
00-0033077,Dak Prescott,QB,DAL,ACT,A01,True
00-0033090,Hunter Henry,TE,NE,ACT,A01,True
00-0033106,Jared Goff,QB,DET,ACT,A01,True
00-0033110,Tyler Higbee,TE,LA,ACT,A01,True
00-0033119,Jacoby Brissett,QB,AZ,ACT,A01,True
00-0033217,Mo Alie-Cox,TE,IND,ACT,A01,True
00-0033246,Johnny Mundt,TE,PHI,ACT,A01,True
00-0033280,Christian McCaffrey,RB,SF,ACT,A01,True
00-0033288,George Kittle,TE,SF,ACT,A01,True
00-0033293,Aaron Jones,RB,MIN,ACT,A01,True
00-0033307,Kendrick Bourne,WR,AZ,ACT,A01,True
00-0033319,Nick Mullens,QB,JAX,ACT,A01,True
00-0033375,Tim Patrick,WR,NYJ,ACT,A01,True
00-0033376,Patrick Ricard,RB,NYG,ACT,A01,True
00-0033455,Anthony Firkser,TE,WAS,ACT,A01,True
00-0033526,Samaje Perine,RB,CIN,ACT,A01,True
00-0033537,Deshaun Watson,QB,CLE,ACT,A01,True
00-0033553,James Conner,RB,AZ,ACT,A01,True
00-0033555,Mack Hollins,WR,NE,ACT,A01,True
00-0033576,Eric Saubert,TE,SEA,ACT,A01,True
00-0033589,David Moore,WR,CAR,ACT,A01,True
00-0033757,Robert Tonyan,TE,PIT,ACT,A01,True
00-0033857,JuJu Smith-Schuster,WR,NYG,ACT,A01,True
00-0033869,Mitchell Trubisky,QB,TEN,ACT,A01,True
00-0033873,Patrick Mahomes,QB,KC,ACT,A01,True
00-0033881,Evan Engram,TE,DEN,ACT,A01,True
00-0033885,David Njoku,TE,LAC,ACT,A01,True
00-0033906,Alvin Kamara,RB,NO,ACT,A01,True
00-0033908,Cooper Kupp,WR,SEA,ACT,A01,True
00-0033921,Chris Godwin Jr.,WR,TB,ACT,A01,True
00-0033955,Jeremy McNichols,RB,WAS,ACT,A01,True
00-0034270,Tyler Conklin,TE,DET,ACT,A01,True
00-0034272,Marquez Valdes-Scantling,WR,DAL,ACT,A01,True
00-0034348,Courtland Sutton,WR,DEN,ACT,A01,True
00-0034351,Dallas Goedert,TE,PHI,ACT,A01,True
00-0034365,Ian Thomas,TE,LV,ACT,A01,True
00-0034383,Dalton Schultz,TE,HOU,ACT,A01,True
00-0034386,Justin Watson,WR,HOU,ACT,A01,True
00-0034418,Cedrick Wilson Jr.,WR,DET,ACT,A01,True
00-0034419,Braxton Berrios,WR,NYG,ACT,A01,True
00-0034487,Trent Sherfield,WR,BUF,ACT,A01,True
00-0034577,Kyle Allen,QB,BUF,ACT,A01,True
00-0034613,Tanner Hudson,TE,CIN,ACT,A01,True
00-0034753,Mark Andrews,TE,BAL,ACT,A01,True
00-0034771,Mason Rudolph,QB,PIT,ACT,A01,True
00-0034775,Christian Kirk,WR,SF,ACT,A01,True
00-0034796,Lamar Jackson,QB,BAL,ACT,A01,True
00-0034798,Durham Smythe,TE,BAL,ACT,A01,True
00-0034827,DJ Moore,WR,BUF,ACT,A01,True
00-0034829,Mike Gesicki,TE,CIN,ACT,A01,True
00-0034837,Calvin Ridley,WR,TEN,ACT,A01,True
00-0034844,Saquon Barkley,RB,PHI,ACT,A01,True
00-0034855,Baker Mayfield,QB,TB,ACT,A01,True
00-0034857,Josh Allen,QB,BUF,ACT,A01,True
00-0034867,Malik Turner,WR,SF,ACT,A01,True
00-0034869,Sam Darnold,QB,SEA,ACT,A01,True
00-0034959,Andrew Beck,RB,NYJ,ACT,A01,True
00-0034960,Jakobi Meyers,WR,JAX,ACT,A01,True
00-0034975,Justice Hill,RB,BAL,ACT,A01,True
00-0034981,Foster Moreau,TE,HOU,ACT,A01,True
00-0035021,Ashton Dulin,WR,IND,ACT,A01,True
00-0035039,Stephen Carlson,TE,CHI,ACT,A01,True
00-0035100,Jake Browning,QB,TB,ACT,A01,True
00-0035125,Alec Ingold,RB,LAC,ACT,A01,True
00-0035140,Mecole Hardman,WR,BUF,ACT,A01,True
00-0035208,Olamide Zaccheaus,WR,ATL,ACT,A01,True
00-0035228,Kyler Murray,QB,MIN,ACT,A01,True
00-0035229,T.J. Hockenson,TE,MIN,ACT,A01,True
00-0035249,Josh Oliver,TE,MIN,ACT,A01,True
00-0035250,Devin Singletary,RB,NYG,ACT,A01,True
00-0035251,Will Grier,QB,CAR,ACT,A01,True
00-0035261,Tony Pollard,RB,TEN,ACT,A01,True
00-0035264,Jarrett Stidham,QB,DEN,ACT,A01,True
00-0035282,Easton Stick,QB,IND,ACT,A01,True
00-0035289,Gardner Minshew,QB,AZ,ACT,A01,True
00-0035298,Scott Miller,WR,CHI,ACT,A01,True
00-0035359,David Sills,WR,TB,ACT,A01,True
00-0035406,Lil'Jordan Humphrey,WR,DEN,ACT,A01,True
00-0035500,Greg Dortch,WR,DET,ACT,A01,True
00-0035535,Darius Slayton,WR,NYG,ACT,A01,True
00-0035537,Ty Johnson,RB,BUF,ACT,A01,True
00-0035544,Tom Kennedy,WR,DET,ACT,A01,True
00-0035594,Travis Homer,RB,PIT,ACT,A01,True
00-0035631,Drew Sample,TE,CIN,ACT,A01,True
00-0035639,Parris Campbell,WR,DAL,RET,R02,False
00-0035640,DK Metcalf,WR,PIT,ACT,A01,True
00-0035644,Noah Fant,TE,NO,ACT,A01,True
00-0035645,Gunner Olszewski,WR,NYG,RES,R36,False
00-0035659,Terry McLaurin,WR,WAS,ACT,A01,True
00-0035662,Marquise Brown,WR,PHI,ACT,A01,True
00-0035676,A.J. Brown,WR,NE,ACT,A01,True
00-0035685,David Montgomery,RB,HOU,ACT,A01,True
00-0035689,Dawson Knox,TE,BUF,ACT,A01,True
00-0035700,Josh Jacobs,RB,GB,ACT,A01,True
00-0035704,Drew Lock,QB,SEA,ACT,A01,True
00-0035710,Daniel Jones,QB,IND,ACT,A01,True
00-0035891,Cody White,WR,SEA,ACT,A01,True
00-0035973,Patrick Taylor,RB,SF,ACT,A01,True
00-0035976,Dan Chisena,WR,CAR,ACT,A01,True
00-0035993,Tyler Huntley,QB,BAL,ACT,A01,True
00-0036020,Salvon Ahmed,RB,CHI,ACT,A01,True
00-0036032,Sean McKeon,TE,IND,ACT,A01,True
00-0036040,Juwan Johnson,TE,NO,ACT,A01,True
00-0036139,Rico Dowdle,RB,PIT,ACT,A01,True
00-0036145,Lawrence Cager,TE,WAS,ACT,A01,True
00-0036158,J.K. Dobbins,RB,DEN,ACT,A01,True
00-0036165,Isaiah Hodgins,WR,NYG,ACT,A01,True
00-0036176,Mason Kinsey,WR,TEN,ACT,A01,True
00-0036182,Nick Westbrook-Ikhine,WR,IND,ACT,A01,True
00-0036187,Reggie Gilliam,RB,NE,ACT,A01,True
00-0036212,Tua Tagovailoa,QB,ATL,ACT,A01,True
00-0036223,Jonathan Taylor,RB,IND,ACT,A01,True
00-0036232,Harrison Bryant,TE,SEA,ACT,A01,True
00-0036244,Colby Parkinson,TE,LA,ACT,A01,True
00-0036252,Michael Pittman,WR,PIT,ACT,A01,True
00-0036259,Jauan Jennings,WR,MIN,ACT,A01,True
00-0036264,Jordan Love,QB,GB,ACT,A01,True
00-0036265,AJ Dillon,RB,CAR,ACT,A01,True
00-0036271,Quez Watkins,WR,PHI,ACT,A01,True
00-0036275,D'Andre Swift,RB,CHI,ACT,A01,True
00-0036290,Cole Kmet,TE,CHI,ACT,A01,True
00-0036309,Darnell Mooney,WR,NYG,ACT,A01,True
00-0036322,Justin Jefferson,WR,MIN,ACT,A01,True
00-0036331,Devin Duvernay,WR,AZ,ACT,A01,True
00-0036345,K.J. Osborn,WR,TEN,ACT,A01,True
00-0036355,Justin Herbert,QB,LAC,ACT,A01,True
00-0036358,CeeDee Lamb,WR,DAL,ACT,A01,True
00-0036387,Jalen Reagor,WR,MIA,ACT,A01,True
00-0036389,Jalen Hurts,QB,PHI,ACT,A01,True
00-0036407,Jerry Jeudy,WR,CLE,ACT,A01,True
00-0036410,Tee Higgins,WR,CIN,ACT,A01,True
00-0036415,Van Jefferson,WR,WAS,ACT,A01,True
00-0036422,Adam Trautman,TE,DEN,ACT,A01,True
00-0036423,Albert Okwuegbunam,TE,LV,ACT,A01,True
00-0036425,DeeJay Dallas,RB,JAX,ACT,A01,True
00-0036427,Tyler Johnson,WR,DAL,ACT,A01,True
00-0036429,Charlie Woerner,TE,ATL,ACT,A01,True
00-0036442,Joe Burrow,QB,CIN,ACT,A01,True
00-0036463,Chris Blair,WR,ATL,ACT,A01,True
00-0036497,Tim Jones,WR,JAX,ACT,A01,True
00-0036534,Shane Zylstra,TE,BUF,ACT,A01,True
00-0036550,Rashod Bateman,WR,BAL,ACT,A01,True
00-0036554,Nico Collins,WR,HOU,ACT,A01,True
00-0036555,Chuba Hubbard,RB,CAR,ACT,A01,True
00-0036556,Brevin Jordan,TE,HOU,ACT,A01,True
00-0036567,Elijah Mitchell,RB,PHI,ACT,A01,True
00-0036569,Gary Brightwell,RB,CIN,ACT,A01,True
00-0036590,Quintin Morris,TE,JAX,ACT,A01,True
00-0036613,Jaylen Waddle,WR,DEN,ACT,A01,True
00-0036626,Dyami Brown,WR,WAS,ACT,A01,True
00-0036628,John Bates,TE,WAS,ACT,A01,True
00-0036630,Tylan Wallace,WR,CLE,ACT,A01,True
00-0036635,Ihmir Smith-Marsette,WR,AZ,ACT,A01,True
00-0036637,Noah Gray,TE,KC,ACT,A01,True
00-0036646,Simi Fehoko,WR,AZ,ACT,A01,True
00-0036679,Shane Buechele,QB,BUF,ACT,A01,True
00-0036727,Adam Prentice,RB,DEN,ACT,A01,True
00-0036741,Jack Stoll,TE,CLE,ACT,A01,True
00-0036754,Brock Wright,TE,DET,ACT,A01,True
00-0036755,Jaret Patterson,RB,LAC,ACT,A01,True
00-0036775,Brandon Smith,WR,PIT,ACT,A01,True
00-0036825,Feleipe Franks,TE,CAR,ACT,A01,True
00-0036841,Austin Trammell,WR,JAX,ACT,A01,True
00-0036842,Kene Nwangwu,RB,NYJ,ACT,A01,True
00-0036849,Tutu Atwell,WR,MIA,ACT,A01,True
00-0036862,Ben Skowronek,WR,PIT,ACT,A01,True
00-0036875,Rhamondre Stevenson,RB,NE,ACT,A01,True
00-0036876,Kylen Granson,TE,TEN,ACT,A01,True
00-0036879,Sam Ehlinger,QB,DEN,ACT,A01,True
00-0036887,Luke Farrell,TE,SF,ACT,A01,True
00-0036894,Pat Freiermuth,TE,PIT,ACT,A01,True
00-0036898,Davis Mills,QB,HOU,ACT,A01,True
00-0036900,Ja'Marr Chase,WR,CIN,ACT,A01,True
00-0036912,DeVonta Smith,WR,PHI,ACT,A01,True
00-0036919,Kenneth Gainwell,RB,TB,ACT,A01,True
00-0036924,Michael Carter,RB,TEN,ACT,A01,True
00-0036945,Justin Fields,QB,KC,ACT,A01,True
00-0036955,Terrace Marshall Jr.,WR,MIA,ACT,A01,True
00-0036959,Michael Bandy,WR,DEN,ACT,A01,True
00-0036963,Amon-Ra St. Brown,WR,DET,ACT,A01,True
00-0036970,Kyle Pitts,TE,ATL,ACT,A01,True
00-0036971,Trevor Lawrence,QB,JAX,ACT,A01,True
00-0036972,Mac Jones,QB,SF,ACT,A01,True
00-0036973,Travis Etienne,RB,NO,ACT,A01,True
00-0036980,Elijah Moore,WR,PHI,ACT,A01,True
00-0036988,Josh Palmer,WR,BUF,ACT,A01,True
00-0036997,Javonte Williams,RB,DAL,ACT,A01,True
00-0037004,Hunter Long,TE,JAX,ACT,A01,True
00-0037005,Tommy Tremble,TE,CAR,ACT,A01,True
00-0037012,Trey Lance,QB,LAC,ACT,A01,True
00-0037013,Zach Wilson,QB,NO,ACT,A01,True
00-0037031,Nikola Kalinic,TE,CHI,ACT,A01,True
00-0037055,Lance McCutcheon,WR,TEN,ACT,A01,True
00-0037077,Sam Howell,QB,DAL,ACT,A01,True
00-0037078,Cole Turner,TE,MIA,ACT,A01,True
00-0037085,Tyler Badie,RB,DEN,ACT,A01,True
00-0037086,Grant Calcaterra,TE,PHI,ACT,A01,True
00-0037093,Dareke Young,WR,LV,ACT,A01,True
00-0037098,Samori Toure,WR,PHI,ACT,A01,True
00-0037112,Jake Tonges,TE,SF,ACT,A01,True
00-0037120,Tyler Goodson,RB,ATL,ACT,A01,True
00-0037132,Britain Covey,WR,PHI,ACT,A01,True
00-0037156,Irvin Charles,WR,SEA,ACT,A01,True
00-0037157,Bam Knight,RB,AZ,ACT,A01,True
00-0037197,Isiah Pacheco,RB,DET,ACT,A01,True
00-0037228,Jaylen Warren,RB,PIT,ACT,A01,True
00-0037231,Kevin Austin Jr.,WR,NO,ACT,A01,True
00-0037238,Drake London,WR,ATL,ACT,A01,True
00-0037239,Chris Olave,WR,NO,ACT,A01,True
00-0037240,Jameson Williams,WR,DET,ACT,A01,True
00-0037247,George Pickens,WR,DAL,ACT,A01,True
00-0037248,James Cook,RB,BUF,ACT,A01,True
00-0037252,Greg Dulcich,TE,MIA,ACT,A01,True
00-0037256,Rachaad White,RB,WAS,ACT,A01,True
00-0037258,Dameon Pierce,RB,PHI,ACT,A01,True
00-0037261,Khalil Shakir,WR,BUF,ACT,A01,True
00-0037263,Tyler Allgeier,RB,AZ,ACT,A01,True
00-0037267,Jerome Ford,RB,WAS,ACT,A01,True
00-0037276,Ty Chandler,RB,NO,ACT,A01,True
00-0037277,Teagan Quitoriano,TE,AZ,ACT,A01,True
00-0037282,James Mitchell,TE,CAR,ACT,A01,True
00-0037291,Jalen Nailor,WR,LV,ACT,A01,True
00-0037292,Andrew Ogletree,TE,IND,ACT,A01,True
00-0037300,Mike Woods,WR,DEN,ACT,A01,True
00-0037304,Connor Heyward,TE,LV,ACT,A01,True
00-0037311,Ko Kieft,TE,TB,ACT,A01,True
00-0037324,Chris Oladokun,QB,KC,ACT,A01,True
00-0037327,Skylar Thompson,QB,BAL,ACT,A01,True
00-0037329,Brittain Brown,RB,CHI,ACT,A01,True
00-0037340,Zaire Mitchell-Paden,TE,NO,ACT,A01,True
00-0037348,Tanner Conner,TE,NYG,ACT,A01,True
00-0037382,Brandon Johnson,WR,LV,ACT,A01,True
00-0037387,Jalen Virgil,WR,BUF,ACT,A01,True
00-0037422,Kendric Pryor,WR,CIN,ACT,A01,True
00-0037475,Stone Smartt,TE,PHI,ACT,A01,True
00-0037509,Sincere McCormick,RB,SF,ACT,A01,True
00-0037525,Jordan Mason,RB,MIN,ACT,A01,True
00-0037539,Lucas Krull,TE,DEN,ACT,A01,True
00-0037545,Rashid Shaheed,WR,SEA,ACT,A01,True
00-0037557,Ronnie Rivers,RB,LA,ACT,A01,True
00-0037563,Malik Davis,RB,DAL,ACT,A01,True
00-0037570,Dennis Houston,WR,TB,ACT,A01,True
00-0037594,Julius Chestnut,RB,TEN,ACT,A01,True
00-0037614,John Metchie III,WR,CAR,ACT,A01,True
00-0037664,Alec Pierce,WR,IND,ACT,A01,True
00-0037666,Jalen Tolbert,WR,MIA,ACT,A01,True
00-0037708,Maurice Alexander,WR,CHI,ACT,A01,True
00-0037740,Garrett Wilson,WR,NYJ,ACT,A01,True
00-0037741,Jahan Dotson,WR,ATL,ACT,A01,True
00-0037742,Treylon Burks,WR,WAS,ACT,A01,True
00-0037744,Trey McBride,TE,AZ,ACT,A01,True
00-0037745,Velus Jones Jr.,RB,SEA,ACT,A01,True
00-0037746,Brian Robinson,RB,ATL,ACT,A01,True
00-0037755,Jelani Woods,TE,NYJ,ACT,A01,True
00-0037801,KaVontae Turpin,WR,DAL,ACT,A01,True
00-0037805,Jeremy Ruckert,TE,NYJ,ACT,A01,True
00-0037809,Chig Okonkwo,TE,WAS,ACT,A01,True
00-0037816,Romeo Doubs,WR,NE,ACT,A01,True
00-0037828,Danny Gray,WR,PHI,ACT,A01,True
00-0037834,Brock Purdy,QB,SF,ACT,A01,True
00-0037837,Calvin Austin III,WR,NYG,ACT,A01,True
00-0037838,Isaiah Likely,TE,NYG,ACT,A01,True
00-0037840,Kyren Williams,RB,LA,ACT,A01,True
00-0038041,Jake Ferguson,TE,DAL,ACT,A01,True
00-0038046,Charlie Kolar,TE,LAC,ACT,A01,True
00-0038090,Skyy Moore,WR,GB,ACT,A01,True
00-0038098,Pierre Strong,RB,GB,ACT,A01,True
00-0038102,Kenny Pickett,QB,CAR,ACT,A01,True
00-0038104,Tyquan Thornton,WR,KC,ACT,A01,True
00-0038108,Bailey Zappe,QB,NYJ,ACT,A01,True
00-0038115,Daniel Bellinger,TE,TEN,ACT,A01,True
00-0038117,Wan'Dale Robinson,WR,TEN,ACT,A01,True
00-0038120,Breece Hall,RB,NYJ,ACT,A01,True
00-0038124,Christian Watson,WR,GB,ACT,A01,True
00-0038128,Malik Willis,QB,MIA,ACT,A01,True
00-0038129,Cade Otton,TE,TB,ACT,A01,True
00-0038134,Kenneth Walker III,RB,KC,ACT,A01,True
00-0038359,Xavier Smith,WR,LA,ACT,A01,True
00-0038389,Israel Abanikanda,RB,DAL,ACT,A01,True
00-0038391,Sean Clifford,QB,CIN,ACT,A01,True
00-0038393,Dontayvion Wicks,WR,PHI,ACT,A01,True
00-0038394,Will Mallory,TE,IND,ACT,A01,True
00-0038396,Eric Gray,RB,NYG,ACT,A01,True
00-0038397,Evan Hull,RB,HOU,ACT,A01,True
00-0038400,Tanner McKee,QB,PHI,ACT,A01,True
00-0038409,Lew Nichols III,RB,PIT,ACT,A01,True
00-0038416,Tyson Bagent,QB,CHI,ACT,A01,True
00-0038440,Zavier Scott,RB,MIN,ACT,A01,True
00-0038454,Keaton Mitchell,RB,LAC,ACT,A01,True
00-0038476,Tommy DeVito,QB,NE,ACT,A01,True
00-0038488,Brady Russell,RB,SEA,ACT,A01,True
00-0038489,Ben VanSumeren,RB,BUF,ACT,A01,True
00-0038492,Jason Brownlee,WR,KC,ACT,A01,True
00-0038496,Xavier Gipson,WR,NYG,ACT,A01,True
00-0038498,E.J. Jenkins,TE,PHI,ACT,A01,True
00-0038519,Nikko Remigio,WR,KC,ACT,A01,True
00-0038542,Bijan Robinson,RB,ATL,ACT,A01,True
00-0038543,Jaxon Smith-Njigba,WR,SEA,ACT,A01,True
00-0038544,Quentin Johnston,WR,LAC,ACT,A01,True
00-0038547,Luke Schoonmaker,TE,DAL,ACT,A01,True
00-0038550,Hendon Hooker,QB,TEN,ACT,A01,True
00-0038551,Kendre Miller,RB,NO,ACT,A01,True
00-0038555,Tank Bigsby,RB,PHI,ACT,A01,True
00-0038558,Darnell Washington,TE,PIT,ACT,A01,True
00-0038559,Michael Wilson,WR,AZ,ACT,A01,True
00-0038563,Tre Tucker,WR,LV,ACT,A01,True
00-0038564,Cameron Latu,TE,PHI,ACT,A01,True
00-0038573,Derius Davis,WR,LAC,ACT,A01,True
00-0038576,Charlie Jones,WR,CIN,ACT,A01,True
00-0038579,Aidan O'Connell,QB,LV,ACT,A01,True
00-0038589,Josh Whyle,TE,GB,ACT,A01,True
00-0038590,Justin Shorter,WR,LV,RES,R36,False
00-0038597,Chase Brown,RB,CIN,ACT,A01,True
00-0038606,Parker Washington,WR,JAX,ACT,A01,True
00-0038608,Kayshon Boutte,WR,NE,ACT,A01,True
00-0038611,Chris Rodriguez Jr.,RB,JAX,ACT,A01,True
00-0038612,A.T. Perry,WR,PIT,ACT,A01,True
00-0038614,Scott Matlock,RB,LAC,ACT,A01,True
00-0038618,Xavier Hutchinson,WR,HOU,ACT,A01,True
00-0038619,Andrei Iosivas,WR,CIN,ACT,A01,True
00-0038621,DeMario Douglas,WR,NE,ACT,A01,True
00-0038632,Colton Dowell,WR,SF,ACT,A01,True
00-0038636,Kenny McIntosh,RB,SEA,ACT,A01,True
00-0038640,Jalen Brooks,WR,AZ,ACT,A01,True
00-0038643,Brayden Willis,TE,SF,ACT,A01,True
00-0038647,Ronnie Bell,WR,NO,ACT,A01,True
00-0038658,Adrian Martinez,QB,SF,ACT,A01,True
00-0038678,Jordan Mims,RB,SF,CUT,W03,False
00-0038679,Tyrell Shavers,WR,BUF,ACT,A01,True
00-0038685,Chris Brooks,RB,GB,ACT,A01,True
00-0038705,Emari Demercado,RB,KC,ACT,A01,True
00-0038710,Blake Whiteheart,TE,CLE,ACT,A01,True
00-0038720,Julian Hill,TE,NE,RES,R36,False
00-0038728,Jared Wayne,WR,HOU,ACT,A01,True
00-0038735,Princeton Fant,TE,DAL,ACT,A01,True
00-0038738,Hunter Luepke,RB,DAL,ACT,A01,True
00-0038752,Jake Bobo,WR,SEA,ACT,A01,True
00-0038783,Nate Adkins,TE,DEN,ACT,A01,True
00-0038794,Jaleel McLaughlin,RB,DEN,ACT,A01,True
00-0038797,Emanuel Wilson,RB,SEA,ACT,A01,True
00-0038809,Ben Sims,TE,MIA,ACT,A01,True
00-0038824,Ryan Miller,WR,NYG,ACT,A01,True
00-0038839,Mitchell Tinsley,WR,CIN,ACT,A01,True
00-0038840,Brycen Tremayne,WR,CAR,ACT,A01,True
00-0038891,Shedrick Jackson,WR,LV,ACT,A01,True
00-0038896,Jacob Saylors,RB,DET,ACT,A01,True
00-0038911,Malik Cunningham,WR,DET,ACT,A01,True
00-0038930,Carlos Washington,RB,MIA,ACT,A01,True
00-0038933,Dalton Kincaid,TE,BUF,ACT,A01,True
00-0038935,Brenton Strange,TE,JAX,ACT,A01,True
00-0038938,Jalin Hyatt,WR,NYG,ACT,A01,True
00-0038941,Tyler Scott,WR,LA,ACT,A01,True
00-0038951,Sean Tucker,RB,TB,ACT,A01,True
00-0038953,Dylan Drummond,WR,ATL,ACT,A01,True
00-0038976,Marvin Mims Jr.,WR,DEN,ACT,A01,True
00-0038977,Tank Dell,WR,HOU,ACT,A01,True
00-0038979,Cedric Tillman,WR,CLE,ACT,A01,True
00-0038994,Jordan Addison,WR,MIN,ACT,A01,True
00-0038996,Tucker Kraft,TE,GB,ACT,A01,True
00-0038997,Josh Downs,WR,IND,ACT,A01,True
00-0039021,Roschon Johnson,RB,CHI,ACT,A01,True
00-0039023,Joel Wilson,TE,TEN,ACT,A01,True
00-0039032,Tyjae Spears,RB,TEN,ACT,A01,True
00-0039040,De'Von Achane,RB,MIA,ACT,A01,True
00-0039041,Elijah Higgins,TE,AZ,ACT,A01,True
00-0039050,Payne Durham,TE,TB,ACT,A01,True
00-0039052,Trey Palmer,WR,NO,ACT,A01,True
00-0039062,Jonathan Mingo,WR,DAL,ACT,A01,True
00-0039064,Zay Flowers,WR,BAL,ACT,A01,True
00-0039065,Sam LaPorta,TE,DET,ACT,A01,True
00-0039066,Michael Mayer,TE,LV,ACT,A01,True
00-0039067,Rashee Rice,WR,KC,ACT,A01,True
00-0039074,Davis Allen,TE,LA,ACT,A01,True
00-0039075,Puka Nacua,WR,LA,ACT,A01,True
00-0039107,Stetson Bennett,QB,LA,ACT,A01,True
00-0039139,Jahmyr Gibbs,RB,DET,ACT,A01,True
00-0039144,Luke Musgrave,TE,GB,ACT,A01,True
00-0039146,Jayden Reed,WR,GB,ACT,A01,True
00-0039150,Bryce Young,QB,CAR,ACT,A01,True
00-0039152,Will Levis,QB,TEN,ACT,A01,True
00-0039163,C.J. Stroud,QB,HOU,ACT,A01,True
00-0039164,Anthony Richardson,QB,IND,ACT,A01,True
00-0039165,Zach Charbonnet,RB,SEA,ACT,A01,True
00-0039230,Dante Miller,RB,NYG,ACT,A01,True
00-0039236,Johnny Wilson,WR,PHI,ACT,A01,True
00-0039244,Chris Collier,RB,LV,ACT,A01,True
00-0039259,Dayton Wade,WR,BAL,ACT,A01,True
00-0039266,Kendall Milton,RB,CIN,ACT,A01,True
00-0039275,Messiah Swinson,TE,GB,ACT,A01,True
00-0039299,George Holani,RB,SEA,ACT,A01,True
00-0039305,Jack Westover,RB,NE,ACT,A01,True
00-0039325,Carson Steele,RB,PHI,ACT,A01,True
00-0039337,Malik Nabers,WR,NYG,ACT,A01,True
00-0039338,Brock Bowers,TE,LV,ACT,A01,True
00-0039342,Xavier Legette,WR,CAR,ACT,A01,True
00-0039344,Jonathon Brooks,RB,CAR,ACT,A01,True
00-0039355,Luke McCaffrey,WR,WAS,ACT,A01,True
00-0039356,Ja'Tavion Sanders,TE,CAR,ACT,A01,True
00-0039359,Cade Stover,TE,HOU,ACT,A01,True
00-0039361,Bucky Irving,RB,TB,ACT,A01,True
00-0039363,Isaac Guerendo,RB,SF,ACT,A01,True
00-0039364,Sione Vaki,RB,DET,ACT,A01,True
00-0039365,Jacob Cowing,WR,SF,ACT,A01,True
00-0039373,Audric Estimé,RB,NO,ACT,A01,True
00-0039376,Spencer Rattler,QB,NO,ACT,A01,True
00-0039379,Jamari Thrash,WR,CLE,ACT,A01,True
00-0039384,Tyrone Tracy Jr.,RB,NYG,ACT,A01,True
00-0039386,Bub Means,WR,NO,ACT,A01,True
00-0039391,Kimani Vidal,RB,LAC,ACT,A01,True
00-0039392,Jha'Quan Jackson,WR,HOU,ACT,A01,True
00-0039394,Casey Washington,WR,ATL,ACT,A01,True
00-0039397,Tejhaun Palmer,WR,AZ,ACT,A01,True
00-0039398,Joe Milton III,QB,DAL,ACT,A01,True
00-0039405,Jawhar Jordan,RB,HOU,ACT,A01,True
00-0039407,Dylan Laube,RB,LV,ACT,A01,True
00-0039410,Ryan Flournoy,WR,DAL,ACT,A01,True
00-0039415,Brenden Rice,WR,GB,ACT,A01,True
00-0039420,Jaheim Bell,TE,PIT,ACT,A01,True
00-0039424,Devaughn Vele,WR,NO,ACT,A01,True
00-0039437,Cornelius Johnson,WR,BAL,ACT,A01,True
00-0039451,Isaiah Williams,WR,NYJ,ACT,A01,True
00-0039458,Brenden Bates,TE,CLE,ACT,A01,True
00-0039471,Frank Gore Jr.,RB,BUF,ACT,A01,True
00-0039473,Xavier Johnson,WR,CIN,ACT,A01,True
00-0039489,Hayden Rucci,TE,SF,ACT,A01,True
00-0039491,Jalen Coker,WR,CAR,ACT,A01,True
00-0039518,Treyton Welch,TE,NO,ACT,A01,True
00-0039521,Xavier Weaver,WR,AZ,ACT,A01,True
00-0039530,Brevyn Spann-Ford,TE,DAL,ACT,A01,True
00-0039534,Carter Bradley,QB,JAX,ACT,A01,True
00-0039577,Kedon Slovis,QB,AZ,ACT,A01,True
00-0039589,Kameron Johnson,WR,TB,ACT,A01,True
00-0039603,British Brooks,RB,HOU,ACT,A01,True
00-0039623,Mason Tipton,WR,NO,ACT,A01,True
00-0039626,Cole Burgess,WR,PIT,ACT,A01,True
00-0039631,Cam Grandy,TE,CIN,ACT,A01,True
00-0039648,David Martin-Robinson,TE,TEN,ACT,A01,True
00-0039650,Bryce Oliver,WR,TEN,ACT,A01,True
00-0039652,Jabari Small,RB,DET,ACT,A01,True
00-0039677,Sam Hartman,QB,WAS,ACT,A01,True
00-0039679,Ben Nikkel,WR,IND,ACT,A01,True
00-0039686,Colson Yankoff,TE,WAS,ACT,A01,True
00-0039703,Cody Schrader,RB,DEN,ACT,A01,True
00-0039710,Jeshaun Jones,WR,MIN,ACT,A01,True
00-0039722,JaQuae Jackson,WR,LAC,ACT,A01,True
00-0039732,Bo Nix,QB,DEN,ACT,A01,True
00-0039737,Tip Reiman,TE,AZ,ACT,A01,True
00-0039738,Blake Corum,RB,LA,ACT,A01,True
00-0039739,Roman Wilson,WR,PIT,ACT,A01,True
00-0039746,Will Shipley,RB,PHI,ACT,A01,True
00-0039747,Ainias Smith,WR,CAR,ACT,A01,True
00-0039751,Jordan Whittington,WR,LA,ACT,A01,True
00-0039754,Devin Culp,TE,TB,ACT,A01,True
00-0039757,Terrell Jennings,RB,NE,ACT,A01,True
00-0039792,Devontez Walker,WR,BAL,ACT,A01,True
00-0039793,AJ Barner,TE,SEA,ACT,A01,True
00-0039794,Braelon Allen,RB,NYJ,ACT,A01,True
00-0039796,Rasheen Ali,RB,BAL,ACT,A01,True
00-0039798,Isaiah Davis,RB,NYJ,ACT,A01,True
00-0039811,MarShawn Lloyd,RB,GB,ACT,A01,True
00-0039814,Erick All,TE,CIN,ACT,A01,True
00-0039816,Anthony Gould,WR,IND,ACT,A01,True
00-0039824,Jared Wiley,TE,KC,ACT,A01,True
00-0039843,Qadir Ismail,TE,CHI,ACT,A01,True
00-0039847,Theo Johnson,TE,NYG,ACT,A01,True
00-0039849,Marvin Harrison Jr.,WR,AZ,ACT,A01,True
00-0039851,Drake Maye,QB,NE,ACT,A01,True
00-0039855,Jalen McMillan,WR,TB,ACT,A01,True
00-0039868,Troy Franklin,WR,DEN,ACT,A01,True
00-0039874,Jaylen Wright,RB,MIA,ACT,A01,True
00-0039875,Ray Davis,RB,BUF,ACT,A01,True
00-0039880,Malik Washington,WR,MIA,ACT,A01,True
00-0039884,Tahj Washington,WR,MIA,ACT,A01,True
00-0039890,Adonai Mitchell,WR,NYJ,ACT,A01,True
00-0039893,Brian Thomas Jr.,WR,JAX,ACT,A01,True
00-0039894,Xavier Worthy,WR,KC,ACT,A01,True
00-0039901,Keon Coleman,WR,BUF,ACT,A01,True
00-0039907,Ja'Lynn Polk,WR,NO,ACT,A01,True
00-0039910,Jayden Daniels,QB,WAS,ACT,A01,True
00-0039912,Ben Sinnott,TE,WAS,ACT,A01,True
00-0039915,Ladd McConkey,WR,LAC,ACT,A01,True
00-0039916,Ricky Pearsall,WR,SF,ACT,A01,True
00-0039917,Michael Penix Jr.,QB,ATL,ACT,A01,True
00-0039918,Caleb Williams,QB,CHI,ACT,A01,True
00-0039919,Rome Odunze,WR,CHI,ACT,A01,True
00-0039920,Malachi Corley,WR,CLE,ACT,A01,True
00-0039921,Trey Benson,RB,AZ,ACT,A01,True
00-0039923,J.J. McCarthy,QB,MIN,ACT,A01,True
00-0040009,Savion Williams,WR,GB,ACT,A01,True
00-0040014,Kyle McCord,QB,GB,ACT,A01,True
00-0040021,Phil Mafah,RB,DAL,ACT,A01,True
00-0040024,Darius Cooper,WR,PHI,ACT,A01,True
00-0040039,Amar Johnson,RB,LAC,ACT,A01,True
00-0040046,Rivaldo Fairweather,TE,AZ,ACT,A01,True
00-0040048,Traeshon Holden,WR,DAL,ACT,A01,True
00-0040049,Josh Kelly,WR,HOU,ACT,A01,True
00-0040053,Tyrone Broden,WR,SEA,ACT,A01,True
00-0040058,Nick Kallerup,TE,SEA,ACT,A01,True
00-0040067,Jacardia Wright,RB,SEA,ACT,A01,True
00-0040075,LaJohntay Wester,WR,BAL,ACT,A01,True
00-0040078,Brashard Smith,RB,KC,ACT,A01,True
00-0040081,Jake Briningstool,TE,KC,ACT,A01,True
00-0040086,Mac Dalena,WR,BUF,ACT,A01,True
00-0040094,Tre Watson,TE,KC,ACT,A01,True
00-0040099,Xavier Guillory,WR,BAL,ACT,A01,True
00-0040120,Jimmy Holiday,WR,KC,ACT,A01,True
00-0040122,Ashton Jeanty,RB,LV,ACT,A01,True
00-0040124,Tetairoa McMillan,WR,CAR,ACT,A01,True
00-0040126,Colston Loveland,TE,CHI,ACT,A01,True
00-0040128,Tyler Warren,TE,IND,ACT,A01,True
00-0040129,Emeka Egbuka,WR,TB,ACT,A01,True
00-0040130,Jayden Higgins,WR,HOU,ACT,A01,True
00-0040131,Kyle Williams,WR,NE,ACT,A01,True
00-0040134,Pat Bryant,WR,DEN,ACT,A01,True
00-0040138,Jaylin Noel,WR,HOU,ACT,A01,True
00-0040142,Kaleb Johnson,RB,PIT,ACT,A01,True
00-0040154,Tai Felton,WR,MIN,ACT,A01,True
00-0040162,Dylan Sampson,RB,CLE,ACT,A01,True
00-0040164,Jaylin Lane,WR,WAS,ACT,A01,True
00-0040170,Elic Ayomanor,WR,TEN,ACT,A01,True
00-0040172,Jordan Watkins,WR,SF,ACT,A01,True
00-0040177,Jordan James,RB,SF,ACT,A01,True
00-0040179,DJ Giddens,RB,IND,ACT,A01,True
00-0040184,KeAndre Lambert-Smith,WR,LAC,ACT,A01,True
00-0040187,Mitchell Evans,TE,CAR,ACT,A01,True
00-0040189,Oronde Gadsden II,TE,LAC,ACT,A01,True
00-0040194,Jackson Hawes,TE,BUF,ACT,A01,True
00-0040198,Ollie Gordon II,RB,MIA,ACT,A01,True
00-0040202,Devin Neal,RB,NO,ACT,A01,True
00-0040203,Will Howard,QB,PIT,ACT,A01,True
00-0040205,Kalel Mullings,RB,TEN,ACT,A01,True
00-0040206,Riley Leonard,QB,IND,ACT,A01,True
00-0040208,Tahj Brooks,RB,CIN,ACT,A01,True
00-0040211,Graham Mertz,QB,HOU,ACT,A01,True
00-0040215,Gavin Bartholomew,TE,MIN,ACT,A01,True
00-0040218,Jimmy Horn Jr.,WR,CAR,ACT,A01,True
00-0040222,Cam Miller,QB,MIA,ACT,A01,True
00-0040225,Thomas Fidone II,TE,NYG,ACT,A01,True
00-0040234,Quinn Ewers,QB,MIA,ACT,A01,True
00-0040236,Kyle Monangai,RB,CHI,ACT,A01,True
00-0040237,Tez Johnson,WR,TB,ACT,A01,True
00-0040238,LeQuint Allen Jr.,RB,JAX,ACT,A01,True
00-0040240,Caleb Lohner,TE,DEN,ACT,A01,True
00-0040241,Dominic Lovett,WR,DET,ACT,A01,True
00-0040242,Jacory Croskey-Merritt,RB,WAS,ACT,A01,True
00-0040244,Moliki Matavao,TE,NO,ACT,A01,True
00-0040247,Junior Bergen,WR,SF,ACT,A01,True
00-0040259,Gage Larvadain,WR,CLE,ACT,A01,True
00-0040260,Ahmani Marshall,RB,CLE,ACT,A01,True
00-0040265,Ja'Seem Reed,WR,CAR,ACT,A01,True
00-0040275,JP Richardson,WR,CHI,ACT,A01,True
00-0040277,Jahdae Walker,WR,CHI,ACT,A01,True
00-0040292,Bryce Pierre,TE,CAR,RES,R34,False
00-0040298,Andrew Armstrong,WR,KC,ACT,A01,True
00-0040302,A.J. Henning,WR,MIA,ACT,A01,True
00-0040311,Theo Wease Jr.,WR,MIA,ACT,A01,True
00-0040317,Jacoby Jones,WR,WAS,ACT,A01,True
00-0040323,Chandler Brayboy,WR,JAX,ACT,A01,True
00-0040331,Patrick Herbert,TE,JAX,ACT,A01,True
00-0040337,Eli Pancol,WR,IND,ACT,A01,True
00-0040352,Coleman Owen,WR,IND,ACT,A01,True
00-0040361,Stephen Gosnell,WR,BUF,ACT,A01,True
00-0040363,Keleki Latu,TE,BUF,ACT,A01,True
00-0040375,Jordan Moore,WR,CIN,ACT,A01,True
00-0040383,Bryson Green,WR,AZ,ACT,A01,True
00-0040387,Zach Horton,TE,DET,ACT,A01,True
00-0040388,Jakobie Keeney-James,WR,GB,ACT,A01,True
00-0040390,Jackson Meeks,WR,DET,ACT,A01,True
00-0040393,Kye Robichaux,RB,DET,ACT,A01,True
00-0040394,Anthony Tyus III,RB,CAR,ACT,A01,True
00-0040398,Brady Cook,QB,NYJ,ACT,A01,True
00-0040400,Donovan Edwards,RB,MIA,ACT,A01,True
00-0040405,Jamaal Pritchett,WR,NYJ,ACT,A01,True
00-0040406,Quentin Skinner,WR,NYJ,RES,R34,False
00-0040415,Connor Bazelak,QB,TB,ACT,A01,True
00-0040419,Garrett Greene,WR,TB,ACT,A01,True
00-0040429,Josh Williams,RB,TB,ACT,A01,True
00-0040431,Dalen Cambre,WR,NYG,ACT,A01,True
00-0040432,Beaux Collins,WR,NYG,ACT,A01,True
00-0040445,Courtney Jackson,WR,TEN,ACT,A01,True
00-0040461,Luke Grimm,WR,LAC,ACT,A01,True
00-0040464,DJ Uiagalelei,QB,LAC,ACT,A01,True
00-0040466,Raheim Sanders,RB,CLE,ACT,A01,True
00-0040476,Ulysses Bentley IV,RB,IND,ACT,A01,True
00-0040488,Carter Runyon,TE,LV,ACT,A01,True
00-0040494,Max Brosmer,QB,MIN,ACT,A01,True
00-0040498,Dontae Fleming,WR,MIN,ACT,A01,True
00-0040504,Bryson Nesbit,TE,MIN,ACT,A01,True
00-0040506,Myles Price,WR,MIN,ACT,A01,True
00-0040509,Ben Yurosek,TE,MIN,ACT,A01,True
00-0040522,Xavier Restrepo,WR,TEN,ACT,A01,True
00-0040528,JJ Galbreath,TE,PIT,ACT,A01,True
00-0040534,Ke'Shawn Williams,WR,CIN,ACT,A01,True
00-0040547,Nate Carter,RB,ATL,ACT,A01,True
00-0040551,Nick Nash,WR,WAS,ACT,A01,True
00-0040552,Joshua Simon,TE,ATL,ACT,A01,True
00-0040556,Corey Kiner,RB,AZ,ACT,A01,True
00-0040558,Isaiah Neyor,WR,GB,ACT,A01,True
00-0040563,Efton Chism III,WR,NE,ACT,A01,True
00-0040566,CJ Dippre,TE,NE,ACT,A01,True
00-0040567,Brock Lampe,RB,NE,ACT,A01,True
00-0040568,Lan Larison,RB,NE,ACT,A01,True
00-0040570,Jeremiah Webb,WR,NE,ACT,A01,True
00-0040571,Gee Scott Jr.,WR,NYJ,ACT,A01,True
00-0040581,Dont'e Thornton Jr.,WR,LV,ACT,A01,True
00-0040582,Arian Smith,WR,NYJ,ACT,A01,True
00-0040583,Woody Marks,RB,HOU,ACT,A01,True
00-0040584,Gunnar Helm,TE,TEN,ACT,A01,True
00-0040586,Jaydon Blue,RB,DAL,ACT,A01,True
00-0040589,Kurtis Rourke,QB,SF,ACT,A01,True
00-0040590,Konata Mumpfield,WR,LA,ACT,A01,True
00-0040597,Brennan Presley,WR,LA,ACT,A01,True
00-0040598,Mark Redman,TE,LA,ACT,A01,True
00-0040601,Jordan Waters,RB,LA,ACT,A01,True
00-0040603,Mario Williams,WR,LA,ACT,A01,True
00-0040609,Tru Edwards,WR,LA,ACT,A01,True
00-0040617,Luke Floriea,WR,CLE,ACT,A01,True
00-0040618,Max Hurleman,RB,PIT,ACT,A01,True
00-0040621,Montorie Foster Jr,WR,SEA,ACT,A01,True
00-0040628,Drake Dabney,TE,GB,ACT,A01,True
00-0040629,Dalevon Campbell,WR,LAC,ACT,A01,True
00-0040637,Lucas Scott,RB,BAL,ACT,A01,True
00-0040644,Trevor Etienne,RB,CAR,ACT,A01,True
00-0040646,Jalen Royals,WR,KC,ACT,A01,True
00-0040648,Tory Horton,WR,SEA,ACT,A01,True
00-0040649,Robbie Ouzts,RB,SEA,ACT,A01,True
00-0040651,Damien Martinez,RB,GB,ACT,A01,True
00-0040653,Ricky White III,WR,SEA,ACT,A01,True
00-0040663,Harold Fannin Jr.,TE,CLE,ACT,A01,True
00-0040666,Omarion Hampton,RB,LAC,ACT,A01,True
00-0040667,Matthew Golden,WR,GB,ACT,A01,True
00-0040668,Shedeur Sanders,QB,CLE,ACT,A01,True
00-0040669,Isaac TeSlaa,WR,DET,ACT,A01,True
00-0040673,Jalen Milroe,QB,SEA,ACT,A01,True
00-0040676,Cam Ward,QB,TEN,ACT,A01,True
00-0040691,Jaxson Dart,QB,NYG,ACT,A01,True
00-0040692,Jarquez Hunter,RB,LA,ACT,A01,True
00-0040697,Thomas Gordon,TE,DET,ACT,A01,True
00-0040704,Dillon Gabriel,QB,CLE,ACT,A01,True
00-0040705,Chimere Dike,WR,TEN,ACT,A01,True
00-0040715,Cam Skattebo,RB,NYG,ACT,A01,True
00-0040718,Travis Hunter,WR,JAX,ACT,A01,True
00-0040719,Bhayshul Tuten,RB,JAX,ACT,A01,True
00-0040727,Tre Harris,WR,LAC,ACT,A01,True
00-0040729,Jack Bech,WR,LV,ACT,A01,True
00-0040730,RJ Harvey,RB,DEN,ACT,A01,True
00-0040734,TreVeyon Henderson,RB,NE,ACT,A01,True
00-0040735,Luther Burden III,WR,CHI,ACT,A01,True
00-0040736,Mason Taylor,TE,NYJ,ACT,A01,True
00-0040737,Terrance Ferguson,TE,LA,ACT,A01,True
00-0040739,Elijah Arroyo,TE,SEA,ACT,A01,True
00-0040743,Tyler Shough,QB,NO,ACT,A01,True
00-0040753,Will Sheppard,WR,GB,ACT,A01,True
00-0040769,Jaden Smith,WR,DAL,ACT,A01,True
00-0040782,Isaiah Bond,WR,CLE,ACT,A01,True
00-0040784,Quinshon Judkins,RB,CLE,ACT,A01,True
00-0040785,Dohnte Meyers,WR,CIN,ACT,A01,True
00-0040788,Damien Alford,WR,NO,ACT,A01,True
00-0040792,Layne Pryor,TE,HOU,ACT,A01,True
00-0040853,Carson Towt,TE,IND,ACT,A01,True
00-0040867,Makai Lemon,WR,PHI,ACT,A01,True
00-0040870,Ja'Kobi Lane,WR,BAL,ACT,A01,True
00-0040876,Elijah Sarratt,WR,BAL,ACT,A01,True
00-0040878,Mike Washington,RB,LV,ACT,A01,True
00-0040879,Matthew Hibner,TE,BAL,ACT,A01,True
00-0040886,Nicholas Singleton,RB,TEN,ACT,A01,True
00-0040887,Josh Cuevas,TE,BAL,ACT,A01,True
00-0040888,Adam Randall,RB,BAL,ACT,A01,True
00-0040890,Cyrus Allen,WR,KC,ACT,A01,True
00-0040891,Cole Payton,QB,PHI,ACT,A01,True
00-0040894,Malik Benson,WR,LV,ACT,A01,True
00-0040895,Emmanuel Henderson,WR,SEA,ACT,A01,True
00-0040900,Anthony Smith,WR,DAL,ACT,A01,True
00-0040901,Jaren Kanak,TE,TEN,ACT,A01,True
00-0040906,Garrett Nussmeier,QB,KC,ACT,A01,True
00-0040912,Hank Beatty,WR,TEN,ACT,A01,True
00-0040919,Tyren Montgomery,WR,TEN,ACT,A01,True
00-0040927,Dae'Quan Wright,TE,PHI,ACT,A01,True
00-0040930,Camden Brown,WR,DAL,ACT,A01,True
00-0040934,Jordan Hudson,WR,DAL,ACT,A01,True
00-0040937,Dominic Richardson,RB,DAL,ACT,A01,True
00-0040938,D.J. Rogers,TE,DAL,ACT,A01,True
00-0040939,Michael Trigg,TE,DAL,ACT,A01,True
00-0040942,Kyron Drones,QB,GB,ACT,A01,True
00-0040945,R.J. Maryland,TE,GB,ACT,A01,True
00-0040946,Jaden Nixon,RB,GB,ACT,A01,True
00-0040948,J.Michael Sturdivant,WR,GB,ACT,A01,True
00-0040953,Jeff Caldwell,WR,KC,ACT,A01,True
00-0040954,Omari Evans,WR,KC,ACT,A01,True
00-0040955,John Michael Gyllenborg,TE,KC,ACT,A01,True
00-0040959,Jaydn Ott,RB,KC,ACT,A01,True
00-0040964,E.J. Smith,RB,KC,ACT,A01,True
00-0040967,Jacob De Jesus,WR,KC,ACT,A01,True
00-0040970,Michael Briscoe,WR,MIN,ACT,A01,True
00-0040974,Lance Mason,TE,SEA,ACT,A01,True
00-0040977,Cortez Braham,WR,BAL,ACT,A01,True
00-0040981,Joe Fagnano,QB,BAL,ACT,A01,True
00-0040984,Dontae McMillan,RB,BAL,ACT,A01,True
00-0040985,Diego Pavia,QB,BAL,ACT,A01,True
00-0040986,Ty Pezza,WR,BAL,ACT,A01,True
00-0040989,Octavian Smith,WR,BAL,ACT,A01,True
00-0040991,Elijah Tau-Tolliver,RB,BAL,ACT,A01,True
00-0040996,Jacob Clark,QB,LV,ACT,A01,True
00-0040998,Roman Hemby,RB,LV,ACT,A01,True
00-0041004,Chase Roberts,WR,LV,ACT,A01,True
00-0041005,Corey Rucker,WR,LV,RES,R36,False
00-0041011,E.J. Williams,WR,LV,ACT,A01,True
00-0041013,Emmett Johnson,RB,KC,ACT,A01,True
00-0041016,Patrick Gurd,TE,LV,ACT,A01,True
00-0041020,Xavier Loyd,WR,KC,ACT,A01,True
00-0041022,Jonathan Brady,WR,LV,ACT,A01,True
00-0041027,Jeremiyah Love,RB,AZ,ACT,A01,True
00-0041029,Jordyn Tyson,WR,NO,ACT,A01,True
00-0041032,Kenyon Sadiq,TE,NYJ,ACT,A01,True
00-0041035,De'Zhaun Stribling,WR,SF,ACT,A01,True
00-0041037,Denzel Boston,WR,CLE,ACT,A01,True
00-0041040,Antonio Williams,WR,WAS,ACT,A01,True
00-0041041,Oscar Delp,TE,NO,ACT,A01,True
00-0041042,Malachi Fields,WR,NYG,ACT,A01,True
00-0041044,Zachariah Branch,WR,ATL,ACT,A01,True
00-0041047,Chris Brazzell,WR,CAR,ACT,A01,True
00-0041048,Ted Hurst,WR,TB,ACT,A01,True
00-0041051,Zavion Thomas,WR,CHI,ACT,A01,True
00-0041052,Kaelon Black,RB,SF,ACT,A01,True
00-0041056,Cade Klubnik,QB,NYJ,ACT,A01,True
00-0041067,Bryce Lance,WR,NO,ACT,A01,True
00-0041069,Colbie Young,WR,CIN,ACT,A01,True
00-0041070,Reggie Virgil,WR,AZ,ACT,A01,True
00-0041077,Justin Joly,TE,DEN,ACT,A01,True
00-0041081,Max Bredeson,RB,MIN,ACT,A01,True
00-0041084,Tanner Koziol,TE,JAX,ACT,A01,True
00-0041087,Joe Royer,TE,CLE,ACT,A01,True
00-0041092,Taylen Green,QB,CLE,ACT,A01,True
00-0041094,Bauer Sharp,TE,TB,ACT,A01,True
00-0041096,Kaytron Allen,RB,WAS,ACT,A01,True
00-0041100,Josh Cameron,WR,JAX,ACT,A01,True
00-0041104,Demond Claiborne,RB,MIN,ACT,A01,True
00-0041106,C.J. Williams,WR,JAX,ACT,A01,True
00-0041116,Jack Endries,TE,CIN,ACT,A01,True
00-0041117,Athan Kaliakmanis,QB,WAS,ACT,A01,True
00-0041123,Behren Morton,QB,NE,ACT,A01,True
00-0041125,Seth McGowan,RB,IND,ACT,A01,True
00-0041129,Jam Miller,RB,NE,ACT,A01,True
00-0041131,Carsen Ryan,TE,CLE,ACT,A01,True
00-0041132,Deion Burks,WR,IND,ACT,A01,True
00-0041133,Dallen Bentley,TE,DEN,ACT,A01,True
00-0041139,Damon Bankston,RB,NYG,ACT,A01,True
00-0041149,Haynes King,QB,CAR,ACT,A01,True
00-0041152,Kobe Prentice,WR,CAR,ACT,A01,True
00-0041156,Mark Gronowski,QB,MIA,ACT,A01,True
00-0041157,Anthony Hankerson,RB,MIA,ACT,A01,True
00-0041158,Donaven McCulley,WR,MIA,ACT,A01,True
00-0041161,Le'Veon Moss,RB,MIA,RET,R02,False
00-0041165,Coleman Bennett,RB,CHI,ACT,A01,True
00-0041168,Omari Kelly,WR,CHI,ACT,A01,True
00-0041170,Hayden Large,TE,CHI,ACT,A01,True
00-0041172,Miller Moss,QB,CHI,ACT,A01,True
00-0041176,Jaden Bradley,WR,WAS,ACT,A01,True
00-0041178,Robert Henry,RB,WAS,ACT,A01,True
00-0041179,Chris Hilton,WR,WAS,ACT,A01,True
00-0041180,Quentin Moore,TE,WAS,ACT,A01,True
00-0041185,Vinny Anthony,WR,ATL,ACT,A01,True
00-0041187,Le'Meke Brockington,WR,ATL,ACT,A01,True
00-0041191,Cash Jones,RB,ATL,ACT,A01,True
00-0041194,Jack Strand,QB,ATL,ACT,A01,True
00-0041195,Jack Velling,TE,ATL,ACT,A01,True
00-0041199,Caullin Lacy,WR,NYJ,ACT,A01,True
00-0041200,Sam Scott,RB,NYJ,ACT,A01,True
00-0041201,D.T. Sheffield,WR,NYJ,ACT,A01,True
00-0041203,Joey Aguilar,QB,JAX,ACT,A01,True
00-0041205,Brady Boyd,WR,JAX,ACT,A01,True
00-0041206,Alex Bullock,WR,JAX,RET,R02,False
00-0041207,Ethan Conner,TE,JAX,ACT,A01,True
00-0041215,Ben Patterson,WR,JAX,ACT,A01,True
00-0041216,Trebor Pena,WR,JAX,ACT,A01,True
00-0041217,J'mari Taylor,RB,JAX,ACT,A01,True
00-0041220,Michael Wortham,WR,JAX,ACT,A01,True
00-0041221,Jackson Acker,RB,BUF,ACT,A01,True
00-0041222,Gabriel Benyard,WR,BUF,ACT,A01,True
00-0041228,Sahmir Hagans,WR,IND,ACT,A01,True
00-0041229,E.J. Horton,WR,IND,ACT,A01,True
00-0041231,Lincoln Pare,RB,IND,ACT,A01,True
00-0041233,Raylen Sharpe,WR,IND,ACT,A01,True
00-0041237,Chase Curtis,TE,NYJ,ACT,A01,True
00-0041239,Chip Trayanum,RB,NYJ,ACT,A01,True
00-0041241,Kentrel Bullock,RB,CIN,ACT,A01,True
00-0041244,Jamal Haynes,RB,CIN,ACT,A01,True
00-0041246,Josh Kattus,TE,CIN,ACT,A01,True
00-0041248,Noah Thomas,WR,CIN,ACT,A01,True
00-0041251,Jalon Daniels,QB,TB,ACT,A01,True
00-0041252,Kenny Fletcher,TE,TB,ACT,A01,True
00-0041257,Eric Rivers,WR,TB,ACT,A01,True
00-0041263,Lake McRee,TE,PIT,ACT,A01,True
00-0041265,Squirrel White,WR,CHI,RET,R02,False
00-0041266,Keelan Marion,WR,ATL,ACT,A01,True
00-0041267,Malik McClain,WR,NYJ,ACT,A01,True
00-0041272,Ja'Mori Maclin,WR,BUF,ACT,A01,True
00-0041273,Desmond Reid,RB,BUF,ACT,A01,True
00-0041277,Davon Booth,RB,CLE,ACT,A01,True
00-0041281,T.J. Harden,RB,CLE,ACT,A01,True
00-0041287,Kole Wilson,WR,CLE,ACT,A01,True
00-0041292,Kolbe Katsis,WR,DEN,ACT,A01,True
00-0041293,Dane Key,WR,DEN,ACT,A01,True
00-0041294,Joseph Manjack,WR,DEN,ACT,A01,True
00-0041299,Cam Ross,WR,DEN,ACT,A01,True
00-0041307,Josh Pitsenberger,RB,HOU,ACT,A01,True
00-0041308,Treyvhon Saunders,WR,HOU,ACT,A01,True
00-0041309,Daniel Sobkowicz,WR,HOU,ACT,A01,True
00-0041311,Jalen Walthall,WR,NYJ,ACT,A01,True
00-0041312,Noah Whittington,RB,HOU,ACT,A01,True
00-0041314,Tanner Arkin,TE,NE,ACT,A01,True
00-0041317,Nick DeGennaro,WR,NE,ACT,A01,True
00-0041318,Kyle Dixon,WR,NE,ACT,A01,True
00-0041319,Cameron Dorner,WR,NE,ACT,A01,True
00-0041322,Jimmy Kibble,WR,NE,ACT,A01,True
00-0041323,Myles Montgomery,RB,NE,ACT,A01,True
00-0041326,C.J. Donaldson,RB,NO,ACT,A01,True
00-0041327,Cody Hardy,TE,NO,ACT,A01,True
00-0041342,Dillon Bell,WR,MIN,ACT,A01,True
00-0041350,Kejon Owens,RB,MIN,ACT,A01,True
00-0041352,Marcus Sanders,WR,MIN,ACT,A01,True
00-0041356,Luke Wysong,WR,MIN,ACT,A01,True
00-0041357,Khalil Dinkins,TE,SF,ACT,A01,True
00-0041359,Wesley Grimes,WR,SF,ACT,A01,True
00-0041361,Will Pauling,WR,SF,ACT,A01,True
00-0041366,Jameson Geers,TE,AZ,ACT,A01,True
00-0041368,Harrison Wallace,WR,AZ,ACT,A01,True
00-0041373,Jerand Bradley,WR,LAC,ACT,A01,True
00-0041374,Sincere Brown,WR,LAC,ACT,A01,True
00-0041376,Gregory Desrosiers,RB,LAC,ACT,A01,True
00-0041380,Devonte Ross,WR,LAC,ACT,A01,True
00-0041384,Evan Svoboda,TE,LAC,ACT,A01,True
00-0041395,Eli Raridon,TE,NE,ACT,A01,True
00-0041397,Kaden Wetjen,WR,PIT,ACT,A01,True
00-0041398,Riley Nowakowski,TE,PIT,ACT,A01,True
00-0041399,C.J. Daniels,WR,LA,ACT,A01,True
00-0041403,Rohan Jones,TE,LA,ACT,A01,True
00-0041407,Kyron Hudson,WR,CHI,ACT,A01,True
00-0041414,Matthew Caldwell,QB,LA,ACT,A01,True
00-0041415,Dean Connors,RB,LA,ACT,A01,True
00-0041422,Dan Villari,TE,LA,ACT,A01,True
00-0041433,Kadarius Calloway,RB,TB,ACT,A01,True
00-0041435,Dean Patterson,WR,TB,ACT,A01,True
00-0041436,D.J. Herman,RB,MIA,ACT,A01,True
00-0041438,Carnell Tate,WR,TEN,ACT,A01,True
00-0041443,Skyler Bell,WR,BUF,ACT,A01,True
00-0041446,Kendrick Law,WR,DET,ACT,A01,True
00-0041451,Brock Rechsteiner,WR,NO,ACT,A01,True
00-0041452,Johnny Pascuzzi,TE,LAC,ACT,A01,True
00-0041453,Luke Altmyer,QB,DET,ACT,A01,True
00-0041457,Miles Kitselman,TE,DET,ACT,A01,True
00-0041467,Lewis Bond,WR,HOU,ACT,A01,True
00-0041472,Marlin Klein,TE,HOU,ACT,A01,True
00-0041474,Mante Morrow,WR,LAC,ACT,A01,True
00-0041475,Trayvon Rudolph,WR,MIN,ACT,A01,True
00-0041476,Rashad Rochelle,WR,SEA,ACT,A01,True
00-0041481,Terrill Davis,WR,MIN,ACT,A01,True
00-0041483,Eli Stowers,TE,PHI,ACT,A01,True
00-0041485,Miles Davis,RB,CAR,ACT,A01,True
00-0041486,Anderson Castle,RB,IND,ACT,A01,True
00-0041489,Germie Bernard,WR,PIT,ACT,A01,True
00-0041490,Eli Heidenreich,RB,PIT,ACT,A01,True
00-0041491,Aaron Anderson,WR,CLE,ACT,A01,True
00-0041496,Jonah Coleman,RB,DEN,ACT,A01,True
00-0041503,Nate Boerkircher,TE,JAX,ACT,A01,True
00-0041510,Max Klare,TE,LA,ACT,A01,True
00-0041511,Omar Cooper,WR,NYJ,ACT,A01,True
00-0041512,Jadarian Price,RB,SEA,ACT,A01,True
00-0041516,Romello Brinson,WR,DAL,ACT,A01,True
00-0041523,Caleb Douglas,WR,MIA,ACT,A01,True
00-0041524,Will Kacmarek,TE,MIA,ACT,A01,True
00-0041525,Chris Bell,WR,MIA,ACT,A01,True
00-0041529,Kevin Coleman,WR,MIA,ACT,A01,True
00-0041535,Louis Hansen,TE,HOU,ACT,A01,True
00-0041536,Kyre Duplessis,WR,DET,ACT,A01,True
00-0041542,Malick Meiga,WR,CAR,ACT,A01,True
00-0041547,K.C. Concepcion,WR,CLE,ACT,A01,True
00-0041562,Fernando Mendoza,QB,LV,RES,R09,True
00-0041568,Ty Simpson,QB,LA,RES,R09,True
00-0041561,Carson Beck,QB,AZ,RES,R09,True
00-0041558,Sam Roush,TE,CHI,RES,R09,True
00-0041565,Drew Allar,QB,PIT,RES,R09,True
00-0041550,Brenen Thompson,WR,LAC,RES,R09,True
00-0041579,Seydou Traore,TE,MIA,E14,E14,False
