player_id,season,round,pick,team,pos,draft_age,player,college,depth_rank,vacated_share,returning_top_share,team_scoring_rank,team_qb_epa_rank,pos_rank,top8,games,raw_prob,above_tested_range,prob
MEN516487,2026,1,1,LV,QB,22.0,Fernando Mendoza,Indiana,2.0,1.0,0.0,32.0,34.0,,0.0,,0.06463046457880973,False,0.06463046457880973
SIM639376,2026,1,13,LA,QB,23.0,Ty Simpson,Alabama,3.0,0.0,1.0,1.0,2.0,,0.0,,0.0005696389718959105,False,0.0005696389718959105
ALL015451,2026,3,76,PIT,QB,22.0,Drew Allar,Penn St.,4.0,0.0,0.9070567986230637,15.0,19.0,,0.0,,0.0002863489850697103,False,0.0002863489850697103
KLU066027,2026,4,110,NYJ,QB,22.0,Cade Klubnik,Clemson,2.0,0.6878402903811253,0.3121597096188748,29.0,32.0,,0.0,,0.027484237486660703,False,0.027484237486660703
PAY546690,2026,5,178,PHI,QB,23.0,Cole Payton,North Dakota St.,4.0,0.0,0.9135338345864662,19.0,16.0,,0.0,,0.00033286842415023663,False,0.00033286842415023663
GRE361852,2026,6,182,CLE,QB,23.0,Taylen Green,Arkansas,4.0,0.0,0.5353075170842825,31.0,38.0,,0.0,,0.0016372004789489687,False,0.0016372004789489687
KAL252591,2026,7,223,WAS,QB,,Athan Kaliakmanis,Rutgers,4.0,0.0,0.5412026726057907,22.0,28.0,,0.0,,0.0007644232877532918,False,0.0007644232877532918
MOR767384,2026,7,234,NE,QB,,Behren Morton,Texas Tech,3.0,0.018214936247723135,0.9817850637522769,2.0,1.0,,0.0,,0.0003658484002131719,False,0.0003658484002131719
NUS440041,2026,7,249,KC,QB,,Garrett Nussmeier,LSU,3.0,0.023679417122040074,0.97632058287796,21.0,12.0,,0.0,,0.0009298789566717722,False,0.0009298789566717722
LOV121782,2026,1,3,ARI,RB,21.0,Jeremiyah Love,Notre Dame,1.0,0.3859783347471588,0.2871338308904509,23.0,27.0,,0.0,,0.17036140003197128,False,0.17036140003197128
PRI206342,2026,1,32,SEA,RB,22.0,Jadarian Price,Notre Dame,2.0,0.498010722273482,0.42374264952644863,3.0,8.0,,0.0,,0.09715503511152478,False,0.09715503511152478
BLA097235,2026,3,90,SF,RB,24.0,Kaelon Black,Indiana,2.0,0.23609463627148608,0.7639053637285138,10.0,9.0,,0.0,,0.039903144951384646,False,0.039903144951384646
COL293648,2026,4,108,DEN,RB,23.0,Jonah Coleman,Washington,3.0,0.03507039350092998,0.4463064771445683,14.0,14.0,,0.0,,0.006721728238791678,False,0.006721728238791678
WAS797326,2026,4,122,LV,RB,23.0,Mike Washington Jr.,Arkansas,2.0,0.23219912265919018,0.7436699926243844,32.0,34.0,,0.0,,0.021404866052043996,False,0.021404866052043996
JOH224817,2026,5,161,KC,RB,22.0,Emmett Johnson,Nebraska,3.0,0.8277153558052435,0.17228464419475648,21.0,12.0,,0.0,,0.008848082498351149,False,0.008848082498351149
RAN022436,2026,5,174,BAL,RB,22.0,Adam Randall,Clemson,4.0,0.18779708222715957,0.6245282416993865,11.0,18.0,,0.0,,0.001855790195971246,False,0.001855790195971246
ALL532376,2026,6,187,WAS,RB,23.0,Kaytron Allen,Penn St.,3.0,0.3783636663947498,0.43580760053757567,22.0,28.0,,0.0,,0.0046619715176806535,False,0.0046619715176806535
CLA041524,2026,6,198,MIN,RB,22.0,Demond Claiborne,Wake Forest,3.0,0.05821876386144399,0.47684702069036133,26.0,36.0,,0.0,,0.0020144425724825206,False,0.0020144425724825206
MCG547540,2026,7,237,IND,RB,24.0,Seth McGowan,Kentucky,3.0,0.11727303677187058,0.7135252728158606,8.0,7.0,,0.0,,0.0017764554472646011,False,0.0017764554472646011
MIL303300,2026,7,245,NE,RB,22.0,Jam Miller,Alabama,4.0,0.2286221042068538,0.3484678977347259,2.0,1.0,,0.0,,0.000529065579038002,False,0.000529065579038002
TAT143045,2026,1,4,TEN,WR,21.0,Carnell Tate,Ohio St.,1.0,0.26514239936879924,0.2636111058907215,30.0,35.0,,0.0,,0.14130727538040705,False,0.14130727538040705
TYS405541,2026,1,8,NO,WR,22.0,Jordyn Tyson,Arizona St.,2.0,0.17770019835532805,0.3975616216357393,28.0,24.0,,0.0,,0.02346781532766744,False,0.02346781532766744
LEM694125,2026,1,20,PHI,WR,22.0,Makai Lemon,USC,3.0,0.5440856159253376,0.3366781370803956,19.0,16.0,,0.0,,0.008187719123093224,False,0.008187719123093224
CON046719,2026,1,24,CLE,WR,21.0,KC Concepcion,Texas A&M,2.0,0.0,0.3760353229828985,31.0,38.0,,0.0,,0.03318178073730193,False,0.03318178073730193
COO816508,2026,1,30,NYJ,WR,22.0,Omar Cooper Jr.,Indiana,3.0,0.4786901769200028,0.3732472763028517,29.0,32.0,,0.0,,0.005640860700310993,False,0.005640860700310993
BOS677861,2026,2,39,CLE,WR,22.0,Denzel Boston,Washington,3.0,0.0,0.3760353229828985,31.0,38.0,,0.0,,0.006239110141408702,False,0.006239110141408702
BER218265,2026,2,47,PIT,WR,22.0,Germie Bernard,Alabama,4.0,0.4866329219836798,0.366151877311311,15.0,19.0,,0.0,,0.0018766106566995271,False,0.0018766106566995271
WIL143106,2026,3,71,WAS,WR,22.0,Antonio Williams,Clemson,4.0,0.4685700117132306,0.24904155694185137,22.0,28.0,,0.0,,0.0024000534349492533,False,0.0024000534349492533
FIE775129,2026,3,74,NYG,WR,23.0,Malachi Fields,Notre Dame,5.0,0.34771808612043686,0.29166816343439966,17.0,23.0,,0.0,,0.00044251801109639646,False,0.00044251801109639646
DOU210628,2026,3,75,MIA,WR,22.0,Caleb Douglas,Texas Tech,3.0,0.81051773554619,0.18948226445380997,25.0,20.0,,0.0,,0.00865835112390453,False,0.00865835112390453
BRA531428,2026,3,79,ATL,WR,22.0,Zachariah Branch,Georgia,4.0,0.5626285013040028,0.36068751451714254,24.0,22.0,,0.0,,0.0015672589475993134,False,0.0015672589475993134
LAN311008,2026,3,80,BAL,WR,22.0,Ja'Kobi Lane,USC,3.0,0.22018334611373186,0.5075057796956058,11.0,18.0,,0.0,,0.002478752319723502,False,0.002478752319723502
BRA836631,2026,3,83,CAR,WR,22.0,Chris Brazzell II,Tennessee,12.0,0.17202590408175752,0.3211977257141919,27.0,30.0,,0.0,,5.033690611279737e-07,False,5.033690611279737e-07
HUR541377,2026,3,84,TB,WR,22.0,Ted Hurst,Georgia St.,4.0,0.36554287700002625,0.23098656792121994,18.0,25.0,,0.0,,0.0024754312086424867,False,0.0024754312086424867
THO417520,2026,3,89,CHI,WR,21.0,Zavion Thomas,LSU,5.0,0.434458140148855,0.3233187806450487,9.0,15.0,,0.0,,0.0010033395364547667,False,0.0010033395364547667
BEL267684,2026,3,94,MIA,WR,22.0,Chris Bell,Louisville,5.0,0.81051773554619,0.18948226445380997,25.0,20.0,,0.0,,0.0009458026129351252,False,0.0009458026129351252
THO495568,2026,4,105,LAC,WR,23.0,Brenen Thompson,Mississippi St.,4.0,0.2934499593339522,0.274303360109061,20.0,21.0,,0.0,,0.0011968504518028113,False,0.0011968504518028113
SAR527100,2026,4,115,BAL,WR,23.0,Elijah Sarratt,Indiana,5.0,0.22018334611373186,0.5075057796956058,11.0,18.0,,0.0,,0.00013773531478694374,False,0.00013773531478694374
WET055619,2026,4,121,PIT,WR,24.0,Kaden Wetjen,Iowa,6.0,0.4866329219836798,0.366151877311311,15.0,19.0,,0.0,,4.44550074172924e-05,False,4.44550074172924e-05
BEL597603,2026,4,125,BUF,WR,24.0,Skyler Bell,Connecticut,5.0,0.2805504158350083,0.26656481599308895,4.0,10.0,,0.0,,0.00021081657647707786,False,0.00021081657647707786
LAN016345,2026,4,136,NO,WR,24.0,Bryce Lance,North Dakota St.,4.0,0.17770019835532805,0.3975616216357393,28.0,24.0,,0.0,,0.00037091606065061354,False,0.00037091606065061354
VIR271235,2026,5,143,ARI,WR,22.0,Reggie Virgil,Texas Tech,6.0,0.28146994262372776,0.31398982740521364,23.0,27.0,,0.0,,0.00015107562086022394,False,0.00015107562086022394
LAW090280,2026,5,168,DET,WR,23.0,Kendrick Law,Kentucky,12.0,0.09581660306078453,0.4914172252979295,4.0,6.0,,0.0,,8.542908017977864e-08,False,8.542908017977864e-08
ALL092954,2026,5,176,KC,WR,23.0,Cyrus Allen,Cincinnati,5.0,0.29444812996500214,0.37603059141676076,21.0,12.0,,0.0,,0.0001953090906345424,False,0.0001953090906345424
COL362413,2026,5,177,MIA,WR,22.0,Kevin Coleman Jr.,Missouri,6.0,0.81051773554619,0.18948226445380997,25.0,20.0,,0.0,,0.00017445951284466744,False,0.00017445951284466744
BRO268113,2026,6,190,NO,WR,,Barion Brown,LSU,5.0,0.17770019835532805,0.3975616216357393,28.0,24.0,,0.0,,0.0002552774683401827,False,0.0002552774683401827
CAM108646,2026,6,191,JAX,WR,23.0,Josh Cameron,Baylor,5.0,0.20029159037763572,0.25960386537346836,6.0,17.0,,0.0,,0.0002066639416459781,False,0.0002066639416459781
BEN601117,2026,6,195,LV,WR,,Malik Benson,Oregon,4.0,0.2472920099606802,0.39348934262815377,32.0,34.0,,0.0,,0.0005801989584261162,False,0.0005801989584261162
DAN490797,2026,6,197,LA,WR,,CJ Daniels,Miami (FL),6.0,0.06791013078888718,0.3977121284886903,1.0,2.0,,0.0,,9.224049209522108e-05,False,9.224049209522108e-05
HEN199637,2026,6,199,SEA,WR,,Emmanuel Henderson Jr.,Kansas,5.0,0.016357441855802915,0.42582076110190703,3.0,8.0,,0.0,,0.00021199786216293378,False,0.00021199786216293378
WIL189259,2026,6,203,JAX,WR,,CJ Williams,Stanford,6.0,0.20029159037763572,0.25960386537346836,6.0,17.0,,0.0,,0.00011497307160023525,False,0.00011497307160023525
BON235618,2026,6,204,HOU,WR,,Lewis Bond,Boston Col.,6.0,0.26058853755398004,0.3345205803042988,13.0,13.0,,0.0,,9.894948488762307e-05,False,9.894948488762307e-05
SMI038569,2026,7,218,DAL,WR,,Anthony Smith,East Carolina,7.0,0.10577703980350438,0.3317644240413052,7.0,5.0,,0.0,,3.7436143164939185e-05,False,3.7436143164939185e-05
SAD482340,2026,1,16,NYJ,TE,21.0,Kenyon Sadiq,Oregon,1.0,0.18183015446166198,0.5819942443943358,29.0,32.0,,0.0,,0.6129543402029811,True,0.35
STO806346,2026,2,54,PHI,TE,23.0,Eli Stowers,Vanderbilt,2.0,0.09901347187940301,0.7124343428953751,19.0,16.0,,0.0,,0.08311503791830162,False,0.08311503791830162
BOE586077,2026,2,56,JAX,TE,25.0,Nate Boerkircher,Texas A&M,2.0,0.16341663754755265,0.5044558533401691,6.0,17.0,,0.0,,0.041417863833041364,False,0.041417863833041364
KLE258860,2026,2,59,HOU,TE,23.0,Marlin Klein,Michigan,5.0,0.10693181115029997,0.6046578182043192,13.0,13.0,,0.0,,0.0012865563451044952,False,0.0012865563451044952
KLA269938,2026,2,61,LA,TE,23.0,Max Klare,Ohio St.,4.0,0.0,0.3217086795241354,1.0,2.0,,0.0,,0.0041593933318276365,False,0.0041593933318276365
ROU550040,2026,3,69,CHI,TE,23.0,Sam Roush,Stanford,3.0,0.09629436437810596,0.5704535094039012,9.0,15.0,,0.0,,0.016788008613384864,False,0.016788008613384864
KAC282861,2026,3,87,MIA,TE,23.0,Will Kacmarek,Ohio St.,2.0,0.6445373561407444,0.3554626438592555,25.0,20.0,,0.0,,0.03365827900822194,False,0.03365827900822194
RAR148318,2026,3,95,NE,TE,22.0,Eli Raridon,Notre Dame,2.0,0.2617990164780006,0.6706458526965576,2.0,1.0,,0.0,,0.03582920062772883,False,0.03582920062772883
HIB564972,2026,4,133,BAL,TE,24.0,Matthew Hibner,SMU,3.0,0.5001033010223259,0.49989669897767414,11.0,18.0,,0.0,,0.003173520611880875,False,0.003173520611880875
JOL735174,2026,5,152,DEN,TE,22.0,Justin Joly,North Carolina St.,3.0,0.0,0.576859631863184,14.0,14.0,,0.0,,0.006469112153404638,False,0.006469112153404638
BRE060106,2026,5,159,MIN,TE,23.0,Max Bredeson,Michigan,,0.0,0.6707942551333759,26.0,36.0,,0.0,,0.006771923563451492,False,0.006771923563451492
KOZ404039,2026,5,164,JAX,TE,,Tanner Koziol,Houston,3.0,0.16341663754755265,0.5044558533401691,6.0,17.0,,0.0,,0.004618876312853044,False,0.004618876312853044
NOW373761,2026,5,169,PIT,TE,24.0,Riley Nowakowski,Indiana,,0.3182131267101821,0.34756611953040845,15.0,19.0,,0.0,,0.002187634787053855,False,0.002187634787053855
CUE040912,2026,5,173,BAL,TE,22.0,Josh Cuevas,Alabama,4.0,0.5001033010223259,0.49989669897767414,11.0,18.0,,0.0,,0.0007734303804299515,False,0.0007734303804299515
TRA291459,2026,5,180,MIA,TE,,Seydou Traore,Mississippi St.,3.0,0.6445373561407444,0.3554626438592555,25.0,20.0,,0.0,,0.0026085144933205074,False,0.0026085144933205074
SHA375359,2026,6,185,TB,TE,23.0,Bauer Sharp,LSU,4.0,0.0,0.8753072368660025,18.0,25.0,,0.0,,0.0008872641521113059,False,0.0008872641521113059
END438361,2026,7,221,CIN,TE,22.0,Jack Endries,Texas,6.0,0.28530589983261556,0.34494436886718416,12.0,33.0,,0.0,,3.790784409925998e-05,False,3.790784409925998e-05
KAN023071,2026,7,225,TEN,TE,22.0,Jaren Kanak,Oklahoma,6.0,0.5368223863583693,0.39860267790671583,30.0,35.0,,0.0,,3.156188566440024e-05,False,3.156188566440024e-05
RYA022232,2026,7,248,CLE,TE,23.0,Carsen Ryan,BYU,3.0,0.3141175712303661,0.536368841107985,31.0,38.0,,0.0,,0.001240127523007783,False,0.001240127523007783
BEN687044,2026,7,256,DEN,TE,25.0,Dallen Bentley,Utah,7.0,0.0,0.576859631863184,14.0,14.0,,0.0,,2.0545420961145216e-06,False,2.0545420961145216e-06
